Workbook

Sheet raw data
A1: PO_ID,Supplier,Order_Date,Delivery_Date,Item_Category,Order_Status,Quantity,Unit_Price,Negotiated_Price,Defective_Units,Compliance
A2: PO-00001,Alpha_Inc,2023-10-17,2023-10-25,Office Supplies,Cancelled,1176,20.13,17.81,,Yes
A3: PO-00002,Delta_Logistics,2022-04-25,2022-05-05,Office Supplies,Delivered,1509,39.32,37.34,235.0,Yes
A4: PO-00003,Gamma_Co,2022-01-26,2022-02-15,MRO,Delivered,910,95.51,92.26,41.0,Yes
A5: PO-00004,Beta_Supplies,2022-10-09,2022-10-28,Packaging,Delivered,1344,99.85,95.52,112.0,Yes
A6: PO-00005,Delta_Logistics,2022-09-08,2022-09-20,Raw Materials,Delivered,1180,64.07,60.53,171.0,No
A7: PO-00006,Epsilon_Group,2022-08-17,2022-08-29,MRO,Delivered,1145,69.21,63.57,39.0,Yes
A8: PO-00007,Gamma_Co,2022-05-23,2022-06-03,MRO,Delivered,1774,51.37,47.82,96.0,No
A9: PO-00008,Alpha_Inc,2022-04-15,2022-04-29,MRO,Delivered,1094,36.93,32.78,22.0,Yes
A10: PO-00009,Gamma_Co,2023-11-24,2023-11-28,Raw Materials,Partially Delivered,1688,43.93,39.89,89.0,Yes
A11: PO-00010,Gamma_Co,2023-07-13,2023-07-25,Raw Materials,Pending,171,76.87,70.2,8.0,Yes
A12: PO-00011,Epsilon_Group,2022-03-31,2022-04-15,Raw Materials,Delivered,5000,78.49,73.68,18.0,Yes
... A778: PO-00777,Beta_Supplies,2023-12-09,2023-12-11,Office Supplies,Delivered,1988,105.2,93.23,187.0,Yes

Sheet Procurement Dataset
A1: PO_ID | B1: Supplier | C1: Order_Date | D1: New_Delivery_Date | E1: Delivery_Date | F1: Item_Category | G1: Order_Status | H1: Quantity | I1: Unit_Price | J1: Negotiated_Price | K1: New_Defective_Units | L1: Defective_Units | M1: Compliance | N1: Lead_day | O1: validation | P1: Ontime_Status | Q1: Total_Amount | R1: Total_Negotiated | S1: diff_price | T1: is_ontime
A2: PO-00001 | B2: Alpha_Inc | C2: 45216 | D2: =IF(E2="",C2+VLOOKUP(B2,Lembar2!$B$19:$C$24,2,FALSE),'Procurement Dataset'!E2) -> 45224 | E2: 45224 | F2: Office Supplies | G2: Cancelled | H2: 1176 | I2: 20.13 | J2: 17.81 | K2: =IF(L2="", 0, L2) -> 0 | M2: Yes | N2: =IF(E2 = "", "", E2-C2) -> 8 | O2: =IF(D2<C2,"Invalid","Valid") -> Valid | P2: =IF(N2>=(VLOOKUP(B2,Lembar2!$B$19:$C$24,2,FALSE)+7),"Delayed","Ontime") -> Ontime | Q2: =H2*I2 -> 23672.88 | R2: =H2*J2 -> 20944.56 | S2: =Q2-R2 -> 2728.32 | T2: =IF(P2="Ontime",1,0) -> 1
A3: PO-00002 | B3: Delta_Logistics | C3: 44676 | D3: =IF(E3="",C3+VLOOKUP(B3,Lembar2!$B$19:$C$24,2,FALSE),'Procurement Dataset'!E3) -> 44686 | E3: 44686 | F3: Office Supplies | G3: Delivered | H3: 1509 | I3: 39.32 | J3: 37.34 | K3: =IF(L3="", 0, L3) -> 235 | L3: 235 | M3: Yes | N3: =IF(E3 = "", "", E3-C3) -> 10 | O3: =IF(D3<C3,"Invalid","Valid") -> Valid | P3: =IF(N3>=(VLOOKUP(B3,Lembar2!$B$19:$C$24,2,FALSE)+7),"Delayed","Ontime") -> Ontime | Q3: =H3*I3 -> 59333.88 | R3: =H3*J3 -> 56346.06 | S3: =Q3-R3 -> 2987.82 | T3: =IF(P3="Ontime",1,0) -> 1
A4: PO-00003 | B4: Gamma_Co | C4: 44587 | D4: =IF(E4="",C4+VLOOKUP(B4,Lembar2!$B$19:$C$24,2,FALSE),'Procurement Dataset'!E4) -> 44607 | E4: 44607 | F4: MRO | G4: Delivered | H4: 910 | I4: 95.51 | J4: 92.26 | K4: =IF(L4="", 0, L4) -> 41 | L4: 41 | M4: Yes | N4: =IF(E4 = "", "", E4-C4) -> 20 | O4: =IF(D4<C4,"Invalid","Valid") -> Valid | P4: =IF(N4>=(VLOOKUP(B4,Lembar2!$B$19:$C$24,2,FALSE)+7),"Delayed","Ontime") -> Delayed | Q4: =H4*I4 -> 86914.1 | R4: =H4*J4 -> 83956.6 | S4: =Q4-R4 -> 2957.5 | T4: =IF(P4="Ontime",1,0) -> 0
A5: PO-00004 | B5: Beta_Supplies | C5: 44843 | D5: =IF(E5="",C5+VLOOKUP(B5,Lembar2!$B$19:$C$24,2,FALSE),'Procurement Dataset'!E5) -> 44862 | E5: 44862 | F5: Packaging | G5: Delivered | H5: 1344 | I5: 99.85 | J5: 95.52 | K5: =IF(L5="", 0, L5) -> 112 | L5: 112 | M5: Yes | N5: =IF(E5 = "", "", E5-C5) -> 19 | O5: =IF(D5<C5,"Invalid","Valid") -> Valid | P5: =IF(N5>=(VLOOKUP(B5,Lembar2!$B$19:$C$24,2,FALSE)+7),"Delayed","Ontime") -> Delayed | Q5: =H5*I5 -> 134198.4 | R5: =H5*J5 -> 128378.88 | S5: =Q5-R5 -> 5819.52 | T5: =IF(P5="Ontime",1,0) -> 0
A6: PO-00005 | B6: Delta_Logistics | C6: 44812 | D6: =IF(E6="",C6+VLOOKUP(B6,Lembar2!$B$19:$C$24,2,FALSE),'Procurement Dataset'!E6) -> 44824 | E6: 44824 | F6: Raw Materials | G6: Delivered | H6: 1180 | I6: 64.07 | J6: 60.53 | K6: =IF(L6="", 0, L6) -> 171 | L6: 171 | M6: No | N6: =IF(E6 = "", "", E6-C6) -> 12 | O6: =IF(D6<C6,"Invalid","Valid") -> Valid | P6: =IF(N6>=(VLOOKUP(B6,Lembar2!$B$19:$C$24,2,FALSE)+7),"Delayed","Ontime") -> Ontime | Q6: =H6*I6 -> 75602.6 | R6: =H6*J6 -> 71425.4 | S6: =Q6-R6 -> 4177.2 | T6: =IF(P6="Ontime",1,0) -> 1
A7: PO-00006 | B7: Epsilon_Group | C7: 44790 | D7: =IF(E7="",C7+VLOOKUP(B7,Lembar2!$B$19:$C$24,2,FALSE),'Procurement Dataset'!E7) -> 44802 | E7: 44802 | F7: MRO | G7: Delivered | H7: 1145 | I7: 69.21 | J7: 63.57 | K7: =IF(L7="", 0, L7) -> 39 | L7: 39 | M7: Yes | N7: =IF(E7 = "", "", E7-C7) -> 12 | O7: =IF(D7<C7,"Invalid","Valid") -> Valid | P7: =IF(N7>=(VLOOKUP(B7,Lembar2!$B$19:$C$24,2,FALSE)+7),"Delayed","Ontime") -> Ontime | Q7: =H7*I7 -> 79245.45 | R7: =H7*J7 -> 72787.65 | S7: =Q7-R7 -> 6457.8 | T7: =IF(P7="Ontime",1,0) -> 1
A8: PO-00007 | B8: Gamma_Co | C8: 44704 | D8: =IF(E8="",C8+VLOOKUP(B8,Lembar2!$B$19:$C$24,2,FALSE),'Procurement Dataset'!E8) -> 44715 | E8: 44715 | F8: MRO | G8: Delivered | H8: 1774 | I8: 51.37 | J8: 47.82 | K8: =IF(L8="", 0, L8) -> 96 | L8: 96 | M8: No | N8: =IF(E8 = "", "", E8-C8) -> 11 | O8: =IF(D8<C8,"Invalid","Valid") -> Valid | P8: =IF(N8>=(VLOOKUP(B8,Lembar2!$B$19:$C$24,2,FALSE)+7),"Delayed","Ontime") -> Ontime | Q8: =H8*I8 -> 91130.38 | R8: =H8*J8 -> 84832.68 | S8: =Q8-R8 -> 6297.7 | T8: =IF(P8="Ontime",1,0) -> 1
A9: PO-00008 | B9: Alpha_Inc | C9: 44666 | D9: =IF(E9="",C9+VLOOKUP(B9,Lembar2!$B$19:$C$24,2,FALSE),'Procurement Dataset'!E9) -> 44680 | E9: 44680 | F9: MRO | G9: Delivered | H9: 1094 | I9: 36.93 | J9: 32.78 | K9: =IF(L9="", 0, L9) -> 22 | L9: 22 | M9: Yes | N9: =IF(E9 = "", "", E9-C9) -> 14 | O9: =IF(D9<C9,"Invalid","Valid") -> Valid | P9: =IF(N9>=(VLOOKUP(B9,Lembar2!$B$19:$C$24,2,FALSE)+7),"Delayed","Ontime") -> Ontime | Q9: =H9*I9 -> 40401.42 | R9: =H9*J9 -> 35861.32 | S9: =Q9-R9 -> 4540.1 | T9: =IF(P9="Ontime",1,0) -> 1
A10: PO-00009 | B10: Gamma_Co | C10: 45254 | D10: =IF(E10="",C10+VLOOKUP(B10,Lembar2!$B$19:$C$24,2,FALSE),'Procurement Dataset'!E10) -> 45258 | E10: 45258 | F10: Raw Materials | G10: Partially Delivered | H10: 1688 | I10: 43.93 | J10: 39.89 | K10: =IF(L10="", 0, L10) -> 89 | L10: 89 | M10: Yes | N10: =IF(E10 = "", "", E10-C10) -> 4 | O10: =IF(D10<C10,"Invalid","Valid") -> Valid | P10: =IF(N10>=(VLOOKUP(B10,Lembar2!$B$19:$C$24,2,FALSE)+7),"Delayed","Ontime") -> Ontime | Q10: =H10*I10 -> 74153.84 | R10: =H10*J10 -> 67334.32 | S10: =Q10-R10 -> 6819.52 | T10: =IF(P10="Ontime",1,0) -> 1
A11: PO-00010 | B11: Gamma_Co | C11: 45120 | D11: =IF(E11="",C11+VLOOKUP(B11,Lembar2!$B$19:$C$24,2,FALSE),'Procurement Dataset'!E11) -> 45132 | E11: 45132 | F11: Raw Materials | G11: Pending | H11: 171 | I11: 76.87 | J11: 70.2 | K11: =IF(L11="", 0, L11) -> 8 | L11: 8 | M11: Yes | N11: =IF(E11 = "", "", E11-C11) -> 12 | O11: =IF(D11<C11,"Invalid","Valid") -> Valid | P11: =IF(N11>=(VLOOKUP(B11,Lembar2!$B$19:$C$24,2,FALSE)+7),"Delayed","Ontime") -> Ontime | Q11: =H11*I11 -> 13144.77 | R11: =H11*J11 -> 12004.2 | S11: =Q11-R11 -> 1140.57 | T11: =IF(P11="Ontime",1,0) -> 1
A12: PO-00011 | B12: Epsilon_Group | C12: 44651 | D12: =IF(E12="",C12+VLOOKUP(B12,Lembar2!$B$19:$C$24,2,FALSE),'Procurement Dataset'!E12) -> 44666 | E12: 44666 | F12: Raw Materials | G12: Delivered | H12: 5000 | I12: 78.49 | J12: 73.68 | K12: =IF(L12="", 0, L12) -> 18 | L12: 18 | M12: Yes | N12: =IF(E12 = "", "", E12-C12) -> 15 | O12: =IF(D12<C12,"Invalid","Valid") -> Valid | P12: =IF(N12>=(VLOOKUP(B12,Lembar2!$B$19:$C$24,2,FALSE)+7),"Delayed","Ontime") -> Ontime | Q12: =H12*I12 -> 392450 | R12: =H12*J12 -> 368400 | S12: =Q12-R12 -> 24050 | T12: =IF(P12="Ontime",1,0) -> 1
A13: PO-00012 | B13: Beta_Supplies | C13: 45166 | D13: =IF(E13="",C13+VLOOKUP(B13,Lembar2!$B$19:$C$24,2,FALSE),'Procurement Dataset'!E13) -> 45180 | E13: 45180 | F13: Raw Materials | G13: Delivered | H13: 5000 | I13: 88.96 | J13: 86.58 | K13: =IF(L13="", 0, L13) -> 115 | L13: 115 | M13: Yes | N13: =IF(E13 = "", "", E13-C13) -> 14 | O13: =IF(D13<C13,"Invalid","Valid") -> Valid | P13: =IF(N13>=(VLOOKUP(B13,Lembar2!$B$19:$C$24,2,FALSE)+7),"Delayed","Ontime") -> Ontime | Q13: =H13*I13 -> 444800 | R13: =H13*J13 -> 432900 | S13: =Q13-R13 -> 11900 | T13: =IF(P13="Ontime",1,0) -> 1
A14: PO-00013 | B14: Beta_Supplies | C14: 44994 | D14: =IF(E14="",C14+VLOOKUP(B14,Lembar2!$B$19:$C$24,2,FALSE),'Procurement Dataset'!E14) -> 45011 | E14: 45011 | F14: Electronics | G14: Pending | H14: 5000 | I14: 86.74 | J14: 74.86 | K14: =IF(L14="", 0, L14) -> 51 | L14: 51 | M14: Yes | N14: =IF(E14 = "", "", E14-C14) -> 17 | O14: =IF(D14<C14,"Invalid","Valid") -> Valid | P14: =IF(N14>=(VLOOKUP(B14,Lembar2!$B$19:$C$24,2,FALSE)+7),"Delayed","Ontime") -> Ontime | Q14: =H14*I14 -> 433700 | R14: =H14*J14 -> 374300 | S14: =Q14-R14 -> 59400 | T14: =IF(P14="Ontime",1,0) -> 1
A15: PO-00014 | B15: Beta_Supplies | C15: 44594 | D15: =IF(E15="",C15+VLOOKUP(B15,Lembar2!$B$19:$C$24,2,FALSE),'Procurement Dataset'!E15) -> 44606 | F15: MRO | G15: Delivered | H15: 5000 | I15: 18.3 | J15: 16.88 | K15: =IF(L15="", 0, L15) -> 0 | M15: Yes | N15: =IF(E15 = "", "", E15-C15) | O15: =IF(D15<C15,"Invalid","Valid") -> Valid | P15: =IF(N15>=(VLOOKUP(B15,Lembar2!$B$19:$C$24,2,FALSE)+7),"Delayed","Ontime") -> Delayed | Q15: =H15*I15 -> 91500 | R15: =H15*J15 -> 84400 | S15: =Q15-R15 -> 7100 | T15: =IF(P15="Ontime",1,0) -> 0
A16: PO-00015 | B16: Delta_Logistics | C16: 44592 | D16: =IF(E16="",C16+VLOOKUP(B16,Lembar2!$B$19:$C$24,2,FALSE),'Procurement Dataset'!E16) -> 44610 | E16: 44610 | F16: Electronics | G16: Pending | H16: 5000 | I16: 54.5 | J16: 48.45 | K16: =IF(L16="", 0, L16) -> 22 | L16: 22 | M16: Yes | N16: =IF(E16 = "", "", E16-C16) -> 18 | O16: =IF(D16<C16,"Invalid","Valid") -> Valid | P16: =IF(N16>=(VLOOKUP(B16,Lembar2!$B$19:$C$24,2,FALSE)+7),"Delayed","Ontime") -> Delayed | Q16: =H16*I16 -> 272500 | R16: =H16*J16 -> 242250 | S16: =Q16-R16 -> 30250 | T16: =IF(P16="Ontime",1,0) -> 0
A17: PO-00016 | B17: Beta_Supplies | C17: 44657 | D17: =IF(E17="",C17+VLOOKUP(B17,Lembar2!$B$19:$C$24,2,FALSE),'Procurement Dataset'!E17) -> 44672 | E17: 44672 | F17: Packaging | G17: Delivered | H17: 5000 | I17: 15.41 | J17: 15.12 | K17: =IF(L17="", 0, L17) -> 0 | M17: Yes | N17: =IF(E17 = "", "", E17-C17) -> 15 | O17: =IF(D17<C17,"Invalid","Valid") -> Valid | P17: =IF(N17>=(VLOOKUP(B17,Lembar2!$B$19:$C$24,2,FALSE)+7),"Delayed","Ontime") -> Ontime | Q17: =H17*I17 -> 77050 | R17: =H17*J17 -> 75600 | S17: =Q17-R17 -> 1450 | T17: =IF(P17="Ontime",1,0) -> 1
A18: PO-00017 | B18: Delta_Logistics | C18: 44785 | D18: =IF(E18="",C18+VLOOKUP(B18,Lembar2!$B$19:$C$24,2,FALSE),'Procurement Dataset'!E18) -> 44804 | E18: 44804 | F18: MRO | G18: Delivered | H18: 1173 | I18: 61.54 | J18: 55.49 | K18: =IF(L18="", 0, L18) -> 172 | L18: 172 | M18: No | N18: =IF(E18 = "", "", E18-C18) -> 19 | O18: =IF(D18<C18,"Invalid","Valid") -> Valid | P18: =IF(N18>=(VLOOKUP(B18,Lembar2!$B$19:$C$24,2,FALSE)+7),"Delayed","Ontime") -> Delayed | Q18: =H18*I18 -> 72186.42 | R18: =H18*J18 -> 65089.77 | S18: =Q18-R18 -> 7096.65 | T18: =IF(P18="Ontime",1,0) -> 0
A19: PO-00018 | B19: Epsilon_Group | C19: 44800 | D19: =IF(E19="",C19+VLOOKUP(B19,Lembar2!$B$19:$C$24,2,FALSE),'Procurement Dataset'!E19) -> 44808 | E19: 44808 | F19: Raw Materials | G19: Delivered | H19: 921 | I19: 51.48 | J19: 50.61 | K19: =IF(L19="", 0, L19) -> 0 | M19: Yes | N19: =IF(E19 = "", "", E19-C19) -> 8 | O19: =IF(D19<C19,"Invalid","Valid") -> Valid | P19: =IF(N19>=(VLOOKUP(B19,Lembar2!$B$19:$C$24,2,FALSE)+7),"Delayed","Ontime") -> Ontime | Q19: =H19*I19 -> 47413.08 | R19: =H19*J19 -> 46611.81 | S19: =Q19-R19 -> 801.27 | T19: =IF(P19="Ontime",1,0) -> 1
A20: PO-00019 | B20: Gamma_Co | C20: 45079 | D20: =IF(E20="",C20+VLOOKUP(B20,Lembar2!$B$19:$C$24,2,FALSE),'Procurement Dataset'!E20) -> 45082 | E20: 45082 | F20: Raw Materials | G20: Partially Delivered | H20: 1737 | I20: 97.53 | J20: 87.37 | K20: =IF(L20="", 0, L20) -> 79 | L20: 79 | M20: Yes | N20: =IF(E20 = "", "", E20-C20) -> 3 | O20: =IF(D20<C20,"Invalid","Valid") -> Valid | P20: =IF(N20>=(VLOOKUP(B20,Lembar2!$B$19:$C$24,2,FALSE)+7),"Delayed","Ontime") -> Ontime | Q20: =H20*I20 -> 169409.61 | R20: =H20*J20 -> 151761.69 | S20: =Q20-R20 -> 17647.92 | T20: =IF(P20="Ontime",1,0) -> 1
A21: PO-00020 | B21: Delta_Logistics | C21: 45178 | D21: =IF(E21="",C21+VLOOKUP(B21,Lembar2!$B$19:$C$24,2,FALSE),'Procurement Dataset'!E21) -> 45193 | E21: 45193 | F21: Raw Materials | G21: Delivered | H21: 180 | I21: 45.74 | J21: 38.89 | K21: =IF(L21="", 0, L21) -> 0 | M21: No | N21: =IF(E21 = "", "", E21-C21) -> 15 | O21: =IF(D21<C21,"Invalid","Valid") -> Valid | P21: =IF(N21>=(VLOOKUP(B21,Lembar2!$B$19:$C$24,2,FALSE)+7),"Delayed","Ontime") -> Ontime | Q21: =H21*I21 -> 8233.2 | R21: =H21*J21 -> 7000.2 | S21: =Q21-R21 -> 1233 | T21: =IF(P21="Ontime",1,0) -> 1
A22: PO-00021 | B22: Epsilon_Group | C22: 44589 | D22: =IF(E22="",C22+VLOOKUP(B22,Lembar2!$B$19:$C$24,2,FALSE),'Procurement Dataset'!E22) -> 44604 | E22: 44604 | F22: Electronics | G22: Cancelled | H22: 1735 | I22: 20.54 | J22: 19.69 | K22: =IF(L22="", 0, L22) -> 49 | L22: 49 | M22: Yes | N22: =IF(E22 = "", "", E22-C22) -> 15 | O22: =IF(D22<C22,"Invalid","Valid") -> Valid | P22: =IF(N22>=(VLOOKUP(B22,Lembar2!$B$19:$C$24,2,FALSE)+7),"Delayed","Ontime") -> Ontime | Q22: =H22*I22 -> 35636.9 | R22: =H22*J22 -> 34162.15 | S22: =Q22-R22 -> 1474.75 | T22: =IF(P22="Ontime",1,0) -> 1
A23: PO-00022 | B23: Delta_Logistics | C23: 45136 | D23: =IF(E23="",C23+VLOOKUP(B23,Lembar2!$B$19:$C$24,2,FALSE),'Procurement Dataset'!E23) -> 45149 | E23: 45149 | F23: Raw Materials | G23: Delivered | H23: 1382 | I23: 24.93 | J23: 23.75 | K23: =IF(L23="", 0, L23) -> 0 | M23: Yes | N23: =IF(E23 = "", "", E23-C23) -> 13 | O23: =IF(D23<C23,"Invalid","Valid") -> Valid | P23: =IF(N23>=(VLOOKUP(B23,Lembar2!$B$19:$C$24,2,FALSE)+7),"Delayed","Ontime") -> Ontime | Q23: =H23*I23 -> 34453.26 | R23: =H23*J23 -> 32822.5 | S23: =Q23-R23 -> 1630.76 | T23: =IF(P23="Ontime",1,0) -> 1
A24: PO-00023 | B24: Epsilon_Group | C24: 44765 | D24: =IF(E24="",C24+VLOOKUP(B24,Lembar2!$B$19:$C$24,2,FALSE),'Procurement Dataset'!E24) -> 44781 | E24: 44781 | F24: MRO | G24: Delivered | H24: 819 | I24: 80.89 | J24: 77.03 | K24: =IF(L24="", 0, L24) -> 29 | L24: 29 | M24: Yes | N24: =IF(E24 = "", "", E24-C24) -> 16 | O24: =IF(D24<C24,"Invalid","Valid") -> Valid | P24: =IF(N24>=(VLOOKUP(B24,Lembar2!$B$19:$C$24,2,FALSE)+7),"Delayed","Ontime") -> Ontime | Q24: =H24*I24 -> 66248.91 | R24: =H24*J24 -> 63087.57 | S24: =Q24-R24 -> 3161.34 | T24: =IF(P24="Ontime",1,0) -> 1
A25: PO-00024 | B25: Beta_Supplies | C25: 45227 | D25: =IF(E25="",C25+VLOOKUP(B25,Lembar2!$B$19:$C$24,2,FALSE),'Procurement Dataset'!E25) -> 45233 | E25: 45233 | F25: Office Supplies | G25: Partially Delivered | H25: 393 | I25: 72.53 | J25: 66.31 | K25: =IF(L25="", 0, L25) -> 42 | L25: 42 | M25: No | N25: =IF(E25 = "", "", E25-C25) -> 6 | O25: =IF(D25<C25,"Invalid","Valid") -> Valid | P25: =IF(N25>=(VLOOKUP(B25,Lembar2!$B$19:$C$24,2,FALSE)+7),"Delayed","Ontime") -> Ontime | Q25: =H25*I25 -> 28504.29 | R25: =H25*J25 -> 26059.83 | S25: =Q25-R25 -> 2444.46 | T25: =IF(P25="Ontime",1,0) -> 1
A26: PO-00025 | B26: Beta_Supplies | C26: 45280 | D26: =IF(E26="",C26+VLOOKUP(B26,Lembar2!$B$19:$C$24,2,FALSE),'Procurement Dataset'!E26) -> 45292 | E26: 45292 | F26: MRO | G26: Delivered | H26: 1565 | I26: 21.3 | J26: 20.09 | K26: =IF(L26="", 0, L26) -> 161 | L26: 161 | M26: Yes | N26: =IF(E26 = "", "", E26-C26) -> 12 | O26: =IF(D26<C26,"Invalid","Valid") -> Valid | P26: =IF(N26>=(VLOOKUP(B26,Lembar2!$B$19:$C$24,2,FALSE)+7),"Delayed","Ontime") -> Ontime | Q26: =H26*I26 -> 33334.5 | R26: =H26*J26 -> 31440.85 | S26: =Q26-R26 -> 1893.65 | T26: =IF(P26="Ontime",1,0) -> 1
A27: PO-00026 | B27: Epsilon_Group | C27: 45120 | D27: =IF(E27="",C27+VLOOKUP(B27,Lembar2!$B$19:$C$24,2,FALSE),'Procurement Dataset'!E27) -> 45131 | E27: 45131 | F27: Packaging | G27: Delivered | H27: 1487 | I27: 19.15 | J27: 17.24 | K27: =IF(L27="", 0, L27) -> 0 | M27: Yes | N27: =IF(E27 = "", "", E27-C27) -> 11 | O27: =IF(D27<C27,"Invalid","Valid") -> Valid | P27: =IF(N27>=(VLOOKUP(B27,Lembar2!$B$19:$C$24,2,FALSE)+7),"Delayed","Ontime") -> Ontime | Q27: =H27*I27 -> 28476.05 | R27: =H27*J27 -> 25635.88 | S27: =Q27-R27 -> 2840.17 | T27: =IF(P27="Ontime",1,0) -> 1
A28: PO-00027 | B28: Alpha_Inc | C28: 44991 | D28: =IF(E28="",C28+VLOOKUP(B28,Lembar2!$B$19:$C$24,2,FALSE),'Procurement Dataset'!E28) -> 45011 | E28: 45011 | F28: MRO | G28: Delivered | H28: 855 | I28: 78.2 | J28: 67.16 | K28: =IF(L28="", 0, L28) -> 17 | L28: 17 | M28: Yes | N28: =IF(E28 = "", "", E28-C28) -> 20 | O28: =IF(D28<C28,"Invalid","Valid") -> Valid | P28: =IF(N28>=(VLOOKUP(B28,Lembar2!$B$19:$C$24,2,FALSE)+7),"Delayed","Ontime") -> Delayed | Q28: =H28*I28 -> 66861 | R28: =H28*J28 -> 57421.8 | S28: =Q28-R28 -> 9439.2 | T28: =IF(P28="Ontime",1,0) -> 0
A29: PO-00028 | B29: Epsilon_Group | C29: 44787 | D29: =IF(E29="",C29+VLOOKUP(B29,Lembar2!$B$19:$C$24,2,FALSE),'Procurement Dataset'!E29) -> 44796 | E29: 44796 | F29: Raw Materials | G29: Delivered | H29: 435 | I29: 17.13 | J29: 15.84 | K29: =IF(L29="", 0, L29) -> 8 | L29: 8 | M29: Yes | N29: =IF(E29 = "", "", E29-C29) -> 9 | O29: =IF(D29<C29,"Invalid","Valid") -> Valid | P29: =IF(N29>=(VLOOKUP(B29,Lembar2!$B$19:$C$24,2,FALSE)+7),"Delayed","Ontime") -> Ontime | Q29: =H29*I29 -> 7451.55 | R29: =H29*J29 -> 6890.4 | S29: =Q29-R29 -> 561.15 | T29: =IF(P29="Ontime",1,0) -> 1
A30: PO-00029 | B30: Delta_Logistics | C30: 45021 | D30: =IF(E30="",C30+VLOOKUP(B30,Lembar2!$B$19:$C$24,2,FALSE),'Procurement Dataset'!E30) -> 45038 | E30: 45038 | F30: MRO | G30: Delivered | H30: 1265 | I30: 90.26 | J30: 79.47 | K30: =IF(L30="", 0, L30) -> 187 | L30: 187 | M30: Yes | N30: =IF(E30 = "", "", E30-C30) -> 17 | O30: =IF(D30<C30,"Invalid","Valid") -> Valid | P30: =IF(N30>=(VLOOKUP(B30,Lembar2!$B$19:$C$24,2,FALSE)+7),"Delayed","Ontime") -> Ontime | Q30: =H30*I30 -> 114178.9 | R30: =H30*J30 -> 100529.55 | S30: =Q30-R30 -> 13649.35 | T30: =IF(P30="Ontime",1,0) -> 1
A31: PO-00030 | B31: Epsilon_Group | C31: 45165 | D31: =IF(E31="",C31+VLOOKUP(B31,Lembar2!$B$19:$C$24,2,FALSE),'Procurement Dataset'!E31) -> 45176 | F31: MRO | G31: Delivered | H31: 1005 | I31: 80.55 | J31: 73.31 | K31: =IF(L31="", 0, L31) -> 30 | L31: 30 | M31: Yes | N31: =IF(E31 = "", "", E31-C31) | O31: =IF(D31<C31,"Invalid","Valid") -> Valid | P31: =IF(N31>=(VLOOKUP(B31,Lembar2!$B$19:$C$24,2,FALSE)+7),"Delayed","Ontime") -> Delayed | Q31: =H31*I31 -> 80952.75 | R31: =H31*J31 -> 73676.55 | S31: =Q31-R31 -> 7276.2 | T31: =IF(P31="Ontime",1,0) -> 0
A32: PO-00031 | B32: Gamma_Co | C32: 44846 | D32: =IF(E32="",C32+VLOOKUP(B32,Lembar2!$B$19:$C$24,2,FALSE),'Procurement Dataset'!E32) -> 44860 | E32: 44860 | F32: Electronics | G32: Delivered | H32: 326 | I32: 18.1 | J32: 15.92 | K32: =IF(L32="", 0, L32) -> 0 | M32: No | N32: =IF(E32 = "", "", E32-C32) -> 14 | O32: =IF(D32<C32,"Invalid","Valid") -> Valid | P32: =IF(N32>=(VLOOKUP(B32,Lembar2!$B$19:$C$24,2,FALSE)+7),"Delayed","Ontime") -> Ontime | Q32: =H32*I32 -> 5900.6 | R32: =H32*J32 -> 5189.92 | S32: =Q32-R32 -> 710.68 | T32: =IF(P32="Ontime",1,0) -> 1
A33: PO-00032 | B33: Alpha_Inc | C33: 44568 | D33: =IF(E33="",C33+VLOOKUP(B33,Lembar2!$B$19:$C$24,2,FALSE),'Procurement Dataset'!E33) -> 44576 | E33: 44576 | F33: Office Supplies | G33: Delivered | H33: 1234 | I33: 17.64 | J33: 15.66 | K33: =IF(L33="", 0, L33) -> 26 | L33: 26 | M33: Yes | N33: =IF(E33 = "", "", E33-C33) -> 8 | O33: =IF(D33<C33,"Invalid","Valid") -> Valid | P33: =IF(N33>=(VLOOKUP(B33,Lembar2!$B$19:$C$24,2,FALSE)+7),"Delayed","Ontime") -> Ontime | Q33: =H33*I33 -> 21767.76 | R33: =H33*J33 -> 19324.44 | S33: =Q33-R33 -> 2443.32 | T33: =IF(P33="Ontime",1,0) -> 1
A34: PO-00033 | B34: Epsilon_Group | C34: 44725 | D34: =IF(E34="",C34+VLOOKUP(B34,Lembar2!$B$19:$C$24,2,FALSE),'Procurement Dataset'!E34) -> 44741 | E34: 44741 | F34: MRO | G34: Delivered | H34: 509 | I34: 101.27 | J34: 97.82 | K34: =IF(L34="", 0, L34) -> 19 | L34: 19 | M34: Yes | N34: =IF(E34 = "", "", E34-C34) -> 16 | O34: =IF(D34<C34,"Invalid","Valid") -> Valid | P34: =IF(N34>=(VLOOKUP(B34,Lembar2!$B$19:$C$24,2,FALSE)+7),"Delayed","Ontime") -> Ontime | Q34: =H34*I34 -> 51546.43 | R34: =H34*J34 -> 49790.38 | S34: =Q34-R34 -> 1756.05 | T34: =IF(P34="Ontime",1,0) -> 1
A35: PO-00034 | B35: Alpha_Inc | C35: 45276 | D35: =IF(E35="",C35+VLOOKUP(B35,Lembar2!$B$19:$C$24,2,FALSE),'Procurement Dataset'!E35) -> 45277 | E35: 45277 | F35: Packaging | G35: Delivered | H35: 1387 | I35: 48.71 | J35: 43.71 | K35: =IF(L35="", 0, L35) -> 27 | L35: 27 | M35: Yes | N35: =IF(E35 = "", "", E35-C35) -> 1 | O35: =IF(D35<C35,"Invalid","Valid") -> Valid | P35: =IF(N35>=(VLOOKUP(B35,Lembar2!$B$19:$C$24,2,FALSE)+7),"Delayed","Ontime") -> Ontime | Q35: =H35*I35 -> 67560.77 | R35: =H35*J35 -> 60625.77 | S35: =Q35-R35 -> 6935 | T35: =IF(P35="Ontime",1,0) -> 1
A36: PO-00035 | B36: Alpha_Inc | C36: 44994 | D36: =IF(E36="",C36+VLOOKUP(B36,Lembar2!$B$19:$C$24,2,FALSE),'Procurement Dataset'!E36) -> 45002 | E36: 45002 | F36: MRO | G36: Delivered | H36: 71 | I36: 46.39 | J36: 43.18 | K36: =IF(L36="", 0, L36) -> 0 | L36: 0 | M36: Yes | N36: =IF(E36 = "", "", E36-C36) -> 8 | O36: =IF(D36<C36,"Invalid","Valid") -> Valid | P36: =IF(N36>=(VLOOKUP(B36,Lembar2!$B$19:$C$24,2,FALSE)+7),"Delayed","Ontime") -> Ontime | Q36: =H36*I36 -> 3293.69 | R36: =H36*J36 -> 3065.78 | S36: =Q36-R36 -> 227.91 | T36: =IF(P36="Ontime",1,0) -> 1
A37: PO-00036 | B37: Epsilon_Group | C37: 44910 | D37: =IF(E37="",C37+VLOOKUP(B37,Lembar2!$B$19:$C$24,2,FALSE),'Procurement Dataset'!E37) -> 44918 | E37: 44918 | F37: Office Supplies | G37: Delivered | H37: 302 | I37: 87.73 | J37: 81.52 | K37: =IF(L37="", 0, L37) -> 9 | L37: 9 | M37: Yes | N37: =IF(E37 = "", "", E37-C37) -> 8 | O37: =IF(D37<C37,"Invalid","Valid") -> Valid | P37: =IF(N37>=(VLOOKUP(B37,Lembar2!$B$19:$C$24,2,FALSE)+7),"Delayed","Ontime") -> Ontime | Q37: =H37*I37 -> 26494.46 | R37: =H37*J37 -> 24619.04 | S37: =Q37-R37 -> 1875.42 | T37: =IF(P37="Ontime",1,0) -> 1
A38: PO-00037 | B38: Epsilon_Group | C38: 44846 | D38: =IF(E38="",C38+VLOOKUP(B38,Lembar2!$B$19:$C$24,2,FALSE),'Procurement Dataset'!E38) -> 44865 | E38: 44865 | F38: Office Supplies | G38: Pending | H38: 797 | I38: 99.54 | J38: 91.37 | K38: =IF(L38="", 0, L38) -> 18 | L38: 18 | M38: Yes | N38: =IF(E38 = "", "", E38-C38) -> 19 | O38: =IF(D38<C38,"Invalid","Valid") -> Valid | P38: =IF(N38>=(VLOOKUP(B38,Lembar2!$B$19:$C$24,2,FALSE)+7),"Delayed","Ontime") -> Delayed | Q38: =H38*I38 -> 79333.38 | R38: =H38*J38 -> 72821.89 | S38: =Q38-R38 -> 6511.49 | T38: =IF(P38="Ontime",1,0) -> 0
A39: PO-00038 | B39: Beta_Supplies | C39: 44721 | D39: =IF(E39="",C39+VLOOKUP(B39,Lembar2!$B$19:$C$24,2,FALSE),'Procurement Dataset'!E39) -> 44739 | E39: 44739 | F39: Office Supplies | G39: Pending | H39: 906 | I39: 101.21 | J39: 90.9 | K39: =IF(L39="", 0, L39) -> 94 | L39: 94 | M39: Yes | N39: =IF(E39 = "", "", E39-C39) -> 18 | O39: =IF(D39<C39,"Invalid","Valid") -> Valid | P39: =IF(N39>=(VLOOKUP(B39,Lembar2!$B$19:$C$24,2,FALSE)+7),"Delayed","Ontime") -> Ontime | Q39: =H39*I39 -> 91696.26 | R39: =H39*J39 -> 82355.4 | S39: =Q39-R39 -> 9340.86 | T39: =IF(P39="Ontime",1,0) -> 1
A40: PO-00039 | B40: Epsilon_Group | C40: 44782 | D40: =IF(E40="",C40+VLOOKUP(B40,Lembar2!$B$19:$C$24,2,FALSE),'Procurement Dataset'!E40) -> 44796 | E40: 44796 | F40: Office Supplies | G40: Delivered | H40: 1634 | I40: 80.53 | J40: 76.15 | K40: =IF(L40="", 0, L40) -> 50 | L40: 50 | M40: Yes | N40: =IF(E40 = "", "", E40-C40) -> 14 | O40: =IF(D40<C40,"Invalid","Valid") -> Valid | P40: =IF(N40>=(VLOOKUP(B40,Lembar2!$B$19:$C$24,2,FALSE)+7),"Delayed","Ontime") -> Ontime | Q40: =H40*I40 -> 131586.02 | R40: =H40*J40 -> 124429.1 | S40: =Q40-R40 -> 7156.92 | T40: =IF(P40="Ontime",1,0) -> 1
A41: PO-00040 | B41: Epsilon_Group | C41: 44906 | D41: =IF(E41="",C41+VLOOKUP(B41,Lembar2!$B$19:$C$24,2,FALSE),'Procurement Dataset'!E41) -> 44917 | F41: Office Supplies | G41: Delivered | H41: 524 | I41: 46.28 | J41: 39.65 | K41: =IF(L41="", 0, L41) -> 14 | L41: 14 | M41: Yes | N41: =IF(E41 = "", "", E41-C41) | O41: =IF(D41<C41,"Invalid","Valid") -> Valid | P41: =IF(N41>=(VLOOKUP(B41,Lembar2!$B$19:$C$24,2,FALSE)+7),"Delayed","Ontime") -> Delayed | Q41: =H41*I41 -> 24250.72 | R41: =H41*J41 -> 20776.6 | S41: =Q41-R41 -> 3474.12 | T41: =IF(P41="Ontime",1,0) -> 0
A42: PO-00041 | B42: Beta_Supplies | C42: 44666 | D42: =IF(E42="",C42+VLOOKUP(B42,Lembar2!$B$19:$C$24,2,FALSE),'Procurement Dataset'!E42) -> 44678 | E42: 44678 | F42: Electronics | G42: Delivered | H42: 1132 | I42: 17.78 | J42: 15.36 | K42: =IF(L42="", 0, L42) -> 96 | L42: 96 | M42: Yes | N42: =IF(E42 = "", "", E42-C42) -> 12 | O42: =IF(D42<C42,"Invalid","Valid") -> Valid | P42: =IF(N42>=(VLOOKUP(B42,Lembar2!$B$19:$C$24,2,FALSE)+7),"Delayed","Ontime") -> Ontime | Q42: =H42*I42 -> 20126.96 | R42: =H42*J42 -> 17387.52 | S42: =Q42-R42 -> 2739.44 | T42: =IF(P42="Ontime",1,0) -> 1
A43: PO-00042 | B43: Beta_Supplies | C43: 44656 | D43: =IF(E43="",C43+VLOOKUP(B43,Lembar2!$B$19:$C$24,2,FALSE),'Procurement Dataset'!E43) -> 44665 | E43: 44665 | F43: Office Supplies | G43: Delivered | H43: 560 | I43: 81.14 | J43: 77.87 | K43: =IF(L43="", 0, L43) -> 34 | L43: 34 | M43: No | N43: =IF(E43 = "", "", E43-C43) -> 9 | O43: =IF(D43<C43,"Invalid","Valid") -> Valid | P43: =IF(N43>=(VLOOKUP(B43,Lembar2!$B$19:$C$24,2,FALSE)+7),"Delayed","Ontime") -> Ontime | Q43: =H43*I43 -> 45438.4 | R43: =H43*J43 -> 43607.2 | S43: =Q43-R43 -> 1831.2 | T43: =IF(P43="Ontime",1,0) -> 1
A44: PO-00043 | B44: Gamma_Co | C44: 44951 | D44: =IF(E44="",C44+VLOOKUP(B44,Lembar2!$B$19:$C$24,2,FALSE),'Procurement Dataset'!E44) -> 44959 | E44: 44959 | F44: Electronics | G44: Delivered | H44: 1755 | I44: 63.87 | J44: 58.4 | K44: =IF(L44="", 0, L44) -> 85 | L44: 85 | M44: Yes | N44: =IF(E44 = "", "", E44-C44) -> 8 | O44: =IF(D44<C44,"Invalid","Valid") -> Valid | P44: =IF(N44>=(VLOOKUP(B44,Lembar2!$B$19:$C$24,2,FALSE)+7),"Delayed","Ontime") -> Ontime | Q44: =H44*I44 -> 112091.85 | R44: =H44*J44 -> 102492 | S44: =Q44-R44 -> 9599.85 | T44: =IF(P44="Ontime",1,0) -> 1
A45: PO-00044 | B45: Epsilon_Group | C45: 44661 | D45: =IF(E45="",C45+VLOOKUP(B45,Lembar2!$B$19:$C$24,2,FALSE),'Procurement Dataset'!E45) -> 44668 | E45: 44668 | F45: MRO | G45: Delivered | H45: 1549 | I45: 48.9 | J45: 42.42 | K45: =IF(L45="", 0, L45) -> 48 | L45: 48 | M45: Yes | N45: =IF(E45 = "", "", E45-C45) -> 7 | O45: =IF(D45<C45,"Invalid","Valid") -> Valid | P45: =IF(N45>=(VLOOKUP(B45,Lembar2!$B$19:$C$24,2,FALSE)+7),"Delayed","Ontime") -> Ontime | Q45: =H45*I45 -> 75746.1 | R45: =H45*J45 -> 65708.58 | S45: =Q45-R45 -> 10037.52 | T45: =IF(P45="Ontime",1,0) -> 1
A46: PO-00045 | B46: Delta_Logistics | C46: 44929 | D46: =IF(E46="",C46+VLOOKUP(B46,Lembar2!$B$19:$C$24,2,FALSE),'Procurement Dataset'!E46) -> 44947 | E46: 44947 | F46: MRO | G46: Delivered | H46: 749 | I46: 97.07 | J46: 94.16 | K46: =IF(L46="", 0, L46) -> 123 | L46: 123 | M46: Yes | N46: =IF(E46 = "", "", E46-C46) -> 18 | O46: =IF(D46<C46,"Invalid","Valid") -> Valid | P46: =IF(N46>=(VLOOKUP(B46,Lembar2!$B$19:$C$24,2,FALSE)+7),"Delayed","Ontime") -> Delayed | Q46: =H46*I46 -> 72705.43 | R46: =H46*J46 -> 70525.84 | S46: =Q46-R46 -> 2179.59 | T46: =IF(P46="Ontime",1,0) -> 0
A47: PO-00046 | B47: Alpha_Inc | C47: 44914 | D47: =IF(E47="",C47+VLOOKUP(B47,Lembar2!$B$19:$C$24,2,FALSE),'Procurement Dataset'!E47) -> 44925 | F47: Electronics | G47: Delivered | H47: 1025 | I47: 21.11 | J47: 19.25 | K47: =IF(L47="", 0, L47) -> 15 | L47: 15 | M47: Yes | N47: =IF(E47 = "", "", E47-C47) | O47: =IF(D47<C47,"Invalid","Valid") -> Valid | P47: =IF(N47>=(VLOOKUP(B47,Lembar2!$B$19:$C$24,2,FALSE)+7),"Delayed","Ontime") -> Delayed | Q47: =H47*I47 -> 21637.75 | R47: =H47*J47 -> 19731.25 | S47: =Q47-R47 -> 1906.5 | T47: =IF(P47="Ontime",1,0) -> 0
A48: PO-00047 | B48: Beta_Supplies | C48: 45180 | D48: =IF(E48="",C48+VLOOKUP(B48,Lembar2!$B$19:$C$24,2,FALSE),'Procurement Dataset'!E48) -> 45187 | E48: 45187 | F48: Raw Materials | G48: Delivered | H48: 1856 | I48: 59.77 | J48: 50.81 | K48: =IF(L48="", 0, L48) -> 191 | L48: 191 | M48: Yes | N48: =IF(E48 = "", "", E48-C48) -> 7 | O48: =IF(D48<C48,"Invalid","Valid") -> Valid | P48: =IF(N48>=(VLOOKUP(B48,Lembar2!$B$19:$C$24,2,FALSE)+7),"Delayed","Ontime") -> Ontime | Q48: =H48*I48 -> 110933.12 | R48: =H48*J48 -> 94303.36 | S48: =Q48-R48 -> 16629.76 | T48: =IF(P48="Ontime",1,0) -> 1
A49: PO-00048 | B49: Epsilon_Group | C49: 44832 | D49: =IF(E49="",C49+VLOOKUP(B49,Lembar2!$B$19:$C$24,2,FALSE),'Procurement Dataset'!E49) -> 44848 | E49: 44848 | F49: Office Supplies | G49: Delivered | H49: 239 | I49: 11.46 | J49: 11.28 | K49: =IF(L49="", 0, L49) -> 4 | L49: 4 | M49: Yes | N49: =IF(E49 = "", "", E49-C49) -> 16 | O49: =IF(D49<C49,"Invalid","Valid") -> Valid | P49: =IF(N49>=(VLOOKUP(B49,Lembar2!$B$19:$C$24,2,FALSE)+7),"Delayed","Ontime") -> Ontime | Q49: =H49*I49 -> 2738.94 | R49: =H49*J49 -> 2695.92 | S49: =Q49-R49 -> 43.02 | T49: =IF(P49="Ontime",1,0) -> 1
A50: PO-00049 | B50: Delta_Logistics | C50: 44606 | D50: =IF(E50="",C50+VLOOKUP(B50,Lembar2!$B$19:$C$24,2,FALSE),'Procurement Dataset'!E50) -> 44625 | E50: 44625 | F50: Office Supplies | G50: Pending | H50: 1007 | I50: 52.44 | J50: 46.06 | K50: =IF(L50="", 0, L50) -> 167 | L50: 167 | M50: Yes | N50: =IF(E50 = "", "", E50-C50) -> 19 | O50: =IF(D50<C50,"Invalid","Valid") -> Valid | P50: =IF(N50>=(VLOOKUP(B50,Lembar2!$B$19:$C$24,2,FALSE)+7),"Delayed","Ontime") -> Delayed | Q50: =H50*I50 -> 52807.08 | R50: =H50*J50 -> 46382.42 | S50: =Q50-R50 -> 6424.66 | T50: =IF(P50="Ontime",1,0) -> 0
A51: PO-00050 | B51: Alpha_Inc | C51: 45032 | D51: =IF(E51="",C51+VLOOKUP(B51,Lembar2!$B$19:$C$24,2,FALSE),'Procurement Dataset'!E51) -> 45043 | F51: MRO | G51: Pending | H51: 736 | I51: 16.2 | J51: 15.33 | K51: =IF(L51="", 0, L51) -> 18 | L51: 18 | M51: Yes | N51: =IF(E51 = "", "", E51-C51) | O51: =IF(D51<C51,"Invalid","Valid") -> Valid | P51: =IF(N51>=(VLOOKUP(B51,Lembar2!$B$19:$C$24,2,FALSE)+7),"Delayed","Ontime") -> Delayed | Q51: =H51*I51 -> 11923.2 | R51: =H51*J51 -> 11282.88 | S51: =Q51-R51 -> 640.32 | T51: =IF(P51="Ontime",1,0) -> 0
A52: PO-00051 | B52: Epsilon_Group | C52: 45111 | D52: =IF(E52="",C52+VLOOKUP(B52,Lembar2!$B$19:$C$24,2,FALSE),'Procurement Dataset'!E52) -> 45121 | E52: 45121 | F52: Electronics | G52: Delivered | H52: 1007 | I52: 22.56 | J52: 19.59 | K52: =IF(L52="", 0, L52) -> 0 | M52: Yes | N52: =IF(E52 = "", "", E52-C52) -> 10 | O52: =IF(D52<C52,"Invalid","Valid") -> Valid | P52: =IF(N52>=(VLOOKUP(B52,Lembar2!$B$19:$C$24,2,FALSE)+7),"Delayed","Ontime") -> Ontime | Q52: =H52*I52 -> 22717.92 | R52: =H52*J52 -> 19727.13 | S52: =Q52-R52 -> 2990.79 | T52: =IF(P52="Ontime",1,0) -> 1
A53: PO-00052 | B53: Delta_Logistics | C53: 44689 | D53: =IF(E53="",C53+VLOOKUP(B53,Lembar2!$B$19:$C$24,2,FALSE),'Procurement Dataset'!E53) -> 44700 | F53: Office Supplies | G53: Delivered | H53: 612 | I53: 20.99 | J53: 19.75 | K53: =IF(L53="", 0, L53) -> 102 | L53: 102 | M53: Yes | N53: =IF(E53 = "", "", E53-C53) | O53: =IF(D53<C53,"Invalid","Valid") -> Valid | P53: =IF(N53>=(VLOOKUP(B53,Lembar2!$B$19:$C$24,2,FALSE)+7),"Delayed","Ontime") -> Delayed | Q53: =H53*I53 -> 12845.88 | R53: =H53*J53 -> 12087 | S53: =Q53-R53 -> 758.88 | T53: =IF(P53="Ontime",1,0) -> 0
A54: PO-00053 | B54: Alpha_Inc | C54: 44949 | D54: =IF(E54="",C54+VLOOKUP(B54,Lembar2!$B$19:$C$24,2,FALSE),'Procurement Dataset'!E54) -> 44959 | E54: 44959 | F54: MRO | G54: Pending | H54: 1949 | I54: 72.53 | J54: 63.26 | K54: =IF(L54="", 0, L54) -> 48 | L54: 48 | M54: No | N54: =IF(E54 = "", "", E54-C54) -> 10 | O54: =IF(D54<C54,"Invalid","Valid") -> Valid | P54: =IF(N54>=(VLOOKUP(B54,Lembar2!$B$19:$C$24,2,FALSE)+7),"Delayed","Ontime") -> Ontime | Q54: =H54*I54 -> 141360.97 | R54: =H54*J54 -> 123293.74 | S54: =Q54-R54 -> 18067.23 | T54: =IF(P54="Ontime",1,0) -> 1
A55: PO-00054 | B55: Delta_Logistics | C55: 44642 | D55: =IF(E55="",C55+VLOOKUP(B55,Lembar2!$B$19:$C$24,2,FALSE),'Procurement Dataset'!E55) -> 44648 | E55: 44648 | F55: Office Supplies | G55: Cancelled | H55: 1640 | I55: 77.92 | J55: 76.41 | K55: =IF(L55="", 0, L55) -> 262 | L55: 262 | M55: No | N55: =IF(E55 = "", "", E55-C55) -> 6 | O55: =IF(D55<C55,"Invalid","Valid") -> Valid | P55: =IF(N55>=(VLOOKUP(B55,Lembar2!$B$19:$C$24,2,FALSE)+7),"Delayed","Ontime") -> Ontime | Q55: =H55*I55 -> 127788.8 | R55: =H55*J55 -> 125312.4 | S55: =Q55-R55 -> 2476.4 | T55: =IF(P55="Ontime",1,0) -> 1
A56: PO-00055 | B56: Beta_Supplies | C56: 45127 | D56: =IF(E56="",C56+VLOOKUP(B56,Lembar2!$B$19:$C$24,2,FALSE),'Procurement Dataset'!E56) -> 45145 | E56: 45145 | F56: Electronics | G56: Delivered | H56: 1317 | I56: 68.13 | J56: 60.52 | K56: =IF(L56="", 0, L56) -> 136 | L56: 136 | M56: Yes | N56: =IF(E56 = "", "", E56-C56) -> 18 | O56: =IF(D56<C56,"Invalid","Valid") -> Valid | P56: =IF(N56>=(VLOOKUP(B56,Lembar2!$B$19:$C$24,2,FALSE)+7),"Delayed","Ontime") -> Ontime | Q56: =H56*I56 -> 89727.21 | R56: =H56*J56 -> 79704.84 | S56: =Q56-R56 -> 10022.37 | T56: =IF(P56="Ontime",1,0) -> 1
A57: PO-00056 | B57: Epsilon_Group | C57: 44862 | D57: =IF(E57="",C57+VLOOKUP(B57,Lembar2!$B$19:$C$24,2,FALSE),'Procurement Dataset'!E57) -> 44864 | E57: 44864 | F57: Raw Materials | G57: Delivered | H57: 881 | I57: 100.94 | J57: 95.05 | K57: =IF(L57="", 0, L57) -> 30 | L57: 30 | M57: Yes | N57: =IF(E57 = "", "", E57-C57) -> 2 | O57: =IF(D57<C57,"Invalid","Valid") -> Valid | P57: =IF(N57>=(VLOOKUP(B57,Lembar2!$B$19:$C$24,2,FALSE)+7),"Delayed","Ontime") -> Ontime | Q57: =H57*I57 -> 88928.14 | R57: =H57*J57 -> 83739.05 | S57: =Q57-R57 -> 5189.09 | T57: =IF(P57="Ontime",1,0) -> 1
A58: PO-00057 | B58: Delta_Logistics | C58: 45205 | D58: =IF(E58="",C58+VLOOKUP(B58,Lembar2!$B$19:$C$24,2,FALSE),'Procurement Dataset'!E58) -> 45216 | F58: Packaging | G58: Delivered | H58: 1578 | I58: 48.33 | J58: 42.77 | K58: =IF(L58="", 0, L58) -> 206 | L58: 206 | M58: Yes | N58: =IF(E58 = "", "", E58-C58) | O58: =IF(D58<C58,"Invalid","Valid") -> Valid | P58: =IF(N58>=(VLOOKUP(B58,Lembar2!$B$19:$C$24,2,FALSE)+7),"Delayed","Ontime") -> Delayed | Q58: =H58*I58 -> 76264.74 | R58: =H58*J58 -> 67491.06 | S58: =Q58-R58 -> 8773.68 | T58: =IF(P58="Ontime",1,0) -> 0
A59: PO-00058 | B59: Delta_Logistics | C59: 45195 | D59: =IF(E59="",C59+VLOOKUP(B59,Lembar2!$B$19:$C$24,2,FALSE),'Procurement Dataset'!E59) -> 45200 | E59: 45200 | F59: MRO | G59: Delivered | H59: 1204 | I59: 39.29 | J59: 35.44 | K59: =IF(L59="", 0, L59) -> 0 | M59: Yes | N59: =IF(E59 = "", "", E59-C59) -> 5 | O59: =IF(D59<C59,"Invalid","Valid") -> Valid | P59: =IF(N59>=(VLOOKUP(B59,Lembar2!$B$19:$C$24,2,FALSE)+7),"Delayed","Ontime") -> Ontime | Q59: =H59*I59 -> 47305.16 | R59: =H59*J59 -> 42669.76 | S59: =Q59-R59 -> 4635.4 | T59: =IF(P59="Ontime",1,0) -> 1
A60: PO-00059 | B60: Epsilon_Group | C60: 44932 | D60: =IF(E60="",C60+VLOOKUP(B60,Lembar2!$B$19:$C$24,2,FALSE),'Procurement Dataset'!E60) -> 44948 | E60: 44948 | F60: MRO | G60: Pending | H60: 1558 | I60: 93.46 | J60: 91.27 | K60: =IF(L60="", 0, L60) -> 39 | L60: 39 | M60: Yes | N60: =IF(E60 = "", "", E60-C60) -> 16 | O60: =IF(D60<C60,"Invalid","Valid") -> Valid | P60: =IF(N60>=(VLOOKUP(B60,Lembar2!$B$19:$C$24,2,FALSE)+7),"Delayed","Ontime") -> Ontime | Q60: =H60*I60 -> 145610.68 | R60: =H60*J60 -> 142198.66 | S60: =Q60-R60 -> 3412.02 | T60: =IF(P60="Ontime",1,0) -> 1
A61: PO-00060 | B61: Alpha_Inc | C61: 45153 | D61: =IF(E61="",C61+VLOOKUP(B61,Lembar2!$B$19:$C$24,2,FALSE),'Procurement Dataset'!E61) -> 45154 | E61: 45154 | F61: Packaging | G61: Delivered | H61: 1892 | I61: 32.99 | J61: 28.81 | K61: =IF(L61="", 0, L61) -> 35 | L61: 35 | M61: Yes | N61: =IF(E61 = "", "", E61-C61) -> 1 | O61: =IF(D61<C61,"Invalid","Valid") -> Valid | P61: =IF(N61>=(VLOOKUP(B61,Lembar2!$B$19:$C$24,2,FALSE)+7),"Delayed","Ontime") -> Ontime | Q61: =H61*I61 -> 62417.08 | R61: =H61*J61 -> 54508.52 | S61: =Q61-R61 -> 7908.56 | T61: =IF(P61="Ontime",1,0) -> 1
A62: PO-00061 | B62: Epsilon_Group | C62: 44758 | D62: =IF(E62="",C62+VLOOKUP(B62,Lembar2!$B$19:$C$24,2,FALSE),'Procurement Dataset'!E62) -> 44774 | E62: 44774 | F62: Packaging | G62: Delivered | H62: 696 | I62: 99.59 | J62: 90.18 | K62: =IF(L62="", 0, L62) -> 25 | L62: 25 | M62: Yes | N62: =IF(E62 = "", "", E62-C62) -> 16 | O62: =IF(D62<C62,"Invalid","Valid") -> Valid | P62: =IF(N62>=(VLOOKUP(B62,Lembar2!$B$19:$C$24,2,FALSE)+7),"Delayed","Ontime") -> Ontime | Q62: =H62*I62 -> 69314.64 | R62: =H62*J62 -> 62765.28 | S62: =Q62-R62 -> 6549.36 | T62: =IF(P62="Ontime",1,0) -> 1
A63: PO-00062 | B63: Delta_Logistics | C63: 45283 | D63: =IF(E63="",C63+VLOOKUP(B63,Lembar2!$B$19:$C$24,2,FALSE),'Procurement Dataset'!E63) -> 45294 | E63: 45294 | F63: MRO | G63: Partially Delivered | H63: 70 | I63: 12.37 | J63: 11.04 | K63: =IF(L63="", 0, L63) -> 10 | L63: 10 | M63: Yes | N63: =IF(E63 = "", "", E63-C63) -> 11 | O63: =IF(D63<C63,"Invalid","Valid") -> Valid | P63: =IF(N63>=(VLOOKUP(B63,Lembar2!$B$19:$C$24,2,FALSE)+7),"Delayed","Ontime") -> Ontime | Q63: =H63*I63 -> 865.9 | R63: =H63*J63 -> 772.8 | S63: =Q63-R63 -> 93.1 | T63: =IF(P63="Ontime",1,0) -> 1
A64: PO-00063 | B64: Gamma_Co | C64: 44633 | D64: =IF(E64="",C64+VLOOKUP(B64,Lembar2!$B$19:$C$24,2,FALSE),'Procurement Dataset'!E64) -> 44635 | E64: 44635 | F64: Raw Materials | G64: Delivered | H64: 890 | I64: 98.26 | J64: 93.14 | K64: =IF(L64="", 0, L64) -> 49 | L64: 49 | M64: Yes | N64: =IF(E64 = "", "", E64-C64) -> 2 | O64: =IF(D64<C64,"Invalid","Valid") -> Valid | P64: =IF(N64>=(VLOOKUP(B64,Lembar2!$B$19:$C$24,2,FALSE)+7),"Delayed","Ontime") -> Ontime | Q64: =H64*I64 -> 87451.4 | R64: =H64*J64 -> 82894.6 | S64: =Q64-R64 -> 4556.8 | T64: =IF(P64="Ontime",1,0) -> 1
A65: PO-00064 | B65: Alpha_Inc | C65: 44608 | D65: =IF(E65="",C65+VLOOKUP(B65,Lembar2!$B$19:$C$24,2,FALSE),'Procurement Dataset'!E65) -> 44624 | E65: 44624 | F65: MRO | G65: Delivered | H65: 216 | I65: 13.95 | J65: 12.31 | K65: =IF(L65="", 0, L65) -> 5 | L65: 5 | M65: Yes | N65: =IF(E65 = "", "", E65-C65) -> 16 | O65: =IF(D65<C65,"Invalid","Valid") -> Valid | P65: =IF(N65>=(VLOOKUP(B65,Lembar2!$B$19:$C$24,2,FALSE)+7),"Delayed","Ontime") -> Ontime | Q65: =H65*I65 -> 3013.2 | R65: =H65*J65 -> 2658.96 | S65: =Q65-R65 -> 354.24 | T65: =IF(P65="Ontime",1,0) -> 1
A66: PO-00065 | B66: Delta_Logistics | C66: 45239 | D66: =IF(E66="",C66+VLOOKUP(B66,Lembar2!$B$19:$C$24,2,FALSE),'Procurement Dataset'!E66) -> 45242 | E66: 45242 | F66: Packaging | G66: Delivered | H66: 1347 | I66: 100.13 | J66: 94.3 | K66: =IF(L66="", 0, L66) -> 200 | L66: 200 | M66: Yes | N66: =IF(E66 = "", "", E66-C66) -> 3 | O66: =IF(D66<C66,"Invalid","Valid") -> Valid | P66: =IF(N66>=(VLOOKUP(B66,Lembar2!$B$19:$C$24,2,FALSE)+7),"Delayed","Ontime") -> Ontime | Q66: =H66*I66 -> 134875.11 | R66: =H66*J66 -> 127022.1 | S66: =Q66-R66 -> 7853.01 | T66: =IF(P66="Ontime",1,0) -> 1
A67: PO-00066 | B67: Gamma_Co | C67: 44795 | D67: =IF(E67="",C67+VLOOKUP(B67,Lembar2!$B$19:$C$24,2,FALSE),'Procurement Dataset'!E67) -> 44798 | E67: 44798 | F67: Office Supplies | G67: Partially Delivered | H67: 437 | I67: 59.51 | J67: 56.45 | K67: =IF(L67="", 0, L67) -> 25 | L67: 25 | M67: No | N67: =IF(E67 = "", "", E67-C67) -> 3 | O67: =IF(D67<C67,"Invalid","Valid") -> Valid | P67: =IF(N67>=(VLOOKUP(B67,Lembar2!$B$19:$C$24,2,FALSE)+7),"Delayed","Ontime") -> Ontime | Q67: =H67*I67 -> 26005.87 | R67: =H67*J67 -> 24668.65 | S67: =Q67-R67 -> 1337.22 | T67: =IF(P67="Ontime",1,0) -> 1
A68: PO-00067 | B68: Alpha_Inc | C68: 44858 | D68: =IF(E68="",C68+VLOOKUP(B68,Lembar2!$B$19:$C$24,2,FALSE),'Procurement Dataset'!E68) -> 44860 | E68: 44860 | F68: Electronics | G68: Delivered | H68: 650 | I68: 103.84 | J68: 88.28 | K68: =IF(L68="", 0, L68) -> 12 | L68: 12 | M68: Yes | N68: =IF(E68 = "", "", E68-C68) -> 2 | O68: =IF(D68<C68,"Invalid","Valid") -> Valid | P68: =IF(N68>=(VLOOKUP(B68,Lembar2!$B$19:$C$24,2,FALSE)+7),"Delayed","Ontime") -> Ontime | Q68: =H68*I68 -> 67496 | R68: =H68*J68 -> 57382 | S68: =Q68-R68 -> 10114 | T68: =IF(P68="Ontime",1,0) -> 1
A69: PO-00068 | B69: Beta_Supplies | C69: 44643 | D69: =IF(E69="",C69+VLOOKUP(B69,Lembar2!$B$19:$C$24,2,FALSE),'Procurement Dataset'!E69) -> 44662 | E69: 44662 | F69: Office Supplies | G69: Delivered | H69: 365 | I69: 16.81 | J69: 15.41 | K69: =IF(L69="", 0, L69) -> 38 | L69: 38 | M69: Yes | N69: =IF(E69 = "", "", E69-C69) -> 19 | O69: =IF(D69<C69,"Invalid","Valid") -> Valid | P69: =IF(N69>=(VLOOKUP(B69,Lembar2!$B$19:$C$24,2,FALSE)+7),"Delayed","Ontime") -> Delayed | Q69: =H69*I69 -> 6135.65 | R69: =H69*J69 -> 5624.65 | S69: =Q69-R69 -> 511 | T69: =IF(P69="Ontime",1,0) -> 0
A70: PO-00069 | B70: Epsilon_Group | C70: 44800 | D70: =IF(E70="",C70+VLOOKUP(B70,Lembar2!$B$19:$C$24,2,FALSE),'Procurement Dataset'!E70) -> 44811 | F70: Raw Materials | G70: Cancelled | H70: 63 | I70: 61.94 | J70: 53.8 | K70: =IF(L70="", 0, L70) -> 0 | M70: Yes | N70: =IF(E70 = "", "", E70-C70) | O70: =IF(D70<C70,"Invalid","Valid") -> Valid | P70: =IF(N70>=(VLOOKUP(B70,Lembar2!$B$19:$C$24,2,FALSE)+7),"Delayed","Ontime") -> Delayed | Q70: =H70*I70 -> 3902.22 | R70: =H70*J70 -> 3389.4 | S70: =Q70-R70 -> 512.82 | T70: =IF(P70="Ontime",1,0) -> 0
A71: PO-00070 | B71: Alpha_Inc | C71: 44665 | D71: =IF(E71="",C71+VLOOKUP(B71,Lembar2!$B$19:$C$24,2,FALSE),'Procurement Dataset'!E71) -> 44673 | E71: 44673 | F71: MRO | G71: Delivered | H71: 291 | I71: 98.7 | J71: 87.02 | K71: =IF(L71="", 0, L71) -> 9 | L71: 9 | M71: Yes | N71: =IF(E71 = "", "", E71-C71) -> 8 | O71: =IF(D71<C71,"Invalid","Valid") -> Valid | P71: =IF(N71>=(VLOOKUP(B71,Lembar2!$B$19:$C$24,2,FALSE)+7),"Delayed","Ontime") -> Ontime | Q71: =H71*I71 -> 28721.7 | R71: =H71*J71 -> 25322.82 | S71: =Q71-R71 -> 3398.88 | T71: =IF(P71="Ontime",1,0) -> 1
A72: PO-00071 | B72: Alpha_Inc | C72: 44951 | D72: =IF(E72="",C72+VLOOKUP(B72,Lembar2!$B$19:$C$24,2,FALSE),'Procurement Dataset'!E72) -> 44965 | E72: 44965 | F72: MRO | G72: Cancelled | H72: 826 | I72: 60.5 | J72: 57.18 | K72: =IF(L72="", 0, L72) -> 18 | L72: 18 | M72: Yes | N72: =IF(E72 = "", "", E72-C72) -> 14 | O72: =IF(D72<C72,"Invalid","Valid") -> Valid | P72: =IF(N72>=(VLOOKUP(B72,Lembar2!$B$19:$C$24,2,FALSE)+7),"Delayed","Ontime") -> Ontime | Q72: =H72*I72 -> 49973 | R72: =H72*J72 -> 47230.68 | S72: =Q72-R72 -> 2742.32 | T72: =IF(P72="Ontime",1,0) -> 1
A73: PO-00072 | B73: Delta_Logistics | C73: 44846 | D73: =IF(E73="",C73+VLOOKUP(B73,Lembar2!$B$19:$C$24,2,FALSE),'Procurement Dataset'!E73) -> 44866 | E73: 44866 | F73: Electronics | G73: Pending | H73: 1419 | I73: 69.64 | J73: 59.28 | K73: =IF(L73="", 0, L73) -> 194 | L73: 194 | M73: Yes | N73: =IF(E73 = "", "", E73-C73) -> 20 | O73: =IF(D73<C73,"Invalid","Valid") -> Valid | P73: =IF(N73>=(VLOOKUP(B73,Lembar2!$B$19:$C$24,2,FALSE)+7),"Delayed","Ontime") -> Delayed | Q73: =H73*I73 -> 98819.16 | R73: =H73*J73 -> 84118.32 | S73: =Q73-R73 -> 14700.84 | T73: =IF(P73="Ontime",1,0) -> 0
A74: PO-00073 | B74: Gamma_Co | C74: 45026 | D74: =IF(E74="",C74+VLOOKUP(B74,Lembar2!$B$19:$C$24,2,FALSE),'Procurement Dataset'!E74) -> 45043 | E74: 45043 | F74: Office Supplies | G74: Delivered | H74: 614 | I74: 78.06 | J74: 73.95 | K74: =IF(L74="", 0, L74) -> 40 | L74: 40 | M74: Yes | N74: =IF(E74 = "", "", E74-C74) -> 17 | O74: =IF(D74<C74,"Invalid","Valid") -> Valid | P74: =IF(N74>=(VLOOKUP(B74,Lembar2!$B$19:$C$24,2,FALSE)+7),"Delayed","Ontime") -> Delayed | Q74: =H74*I74 -> 47928.84 | R74: =H74*J74 -> 45405.3 | S74: =Q74-R74 -> 2523.54 | T74: =IF(P74="Ontime",1,0) -> 0
A75: PO-00074 | B75: Alpha_Inc | C75: 45212 | D75: =IF(E75="",C75+VLOOKUP(B75,Lembar2!$B$19:$C$24,2,FALSE),'Procurement Dataset'!E75) -> 45227 | E75: 45227 | F75: Electronics | G75: Delivered | H75: 947 | I75: 56.25 | J75: 54.25 | K75: =IF(L75="", 0, L75) -> 19 | L75: 19 | M75: Yes | N75: =IF(E75 = "", "", E75-C75) -> 15 | O75: =IF(D75<C75,"Invalid","Valid") -> Valid | P75: =IF(N75>=(VLOOKUP(B75,Lembar2!$B$19:$C$24,2,FALSE)+7),"Delayed","Ontime") -> Ontime | Q75: =H75*I75 -> 53268.75 | R75: =H75*J75 -> 51374.75 | S75: =Q75-R75 -> 1894 | T75: =IF(P75="Ontime",1,0) -> 1
A76: PO-00075 | B76: Epsilon_Group | C76: 44935 | D76: =IF(E76="",C76+VLOOKUP(B76,Lembar2!$B$19:$C$24,2,FALSE),'Procurement Dataset'!E76) -> 44954 | E76: 44954 | F76: Raw Materials | G76: Delivered | H76: 1413 | I76: 70.47 | J76: 69.65 | K76: =IF(L76="", 0, L76) -> 0 | M76: Yes | N76: =IF(E76 = "", "", E76-C76) -> 19 | O76: =IF(D76<C76,"Invalid","Valid") -> Valid | P76: =IF(N76>=(VLOOKUP(B76,Lembar2!$B$19:$C$24,2,FALSE)+7),"Delayed","Ontime") -> Delayed | Q76: =H76*I76 -> 99574.11 | R76: =H76*J76 -> 98415.45 | S76: =Q76-R76 -> 1158.66 | T76: =IF(P76="Ontime",1,0) -> 0
A77: PO-00076 | B77: Alpha_Inc | C77: 44728 | D77: =IF(E77="",C77+VLOOKUP(B77,Lembar2!$B$19:$C$24,2,FALSE),'Procurement Dataset'!E77) -> 44739 | F77: Office Supplies | G77: Partially Delivered | H77: 141 | I77: 64.15 | J77: 58.32 | K77: =IF(L77="", 0, L77) -> 0 | M77: Yes | N77: =IF(E77 = "", "", E77-C77) | O77: =IF(D77<C77,"Invalid","Valid") -> Valid | P77: =IF(N77>=(VLOOKUP(B77,Lembar2!$B$19:$C$24,2,FALSE)+7),"Delayed","Ontime") -> Delayed | Q77: =H77*I77 -> 9045.15 | R77: =H77*J77 -> 8223.12 | S77: =Q77-R77 -> 822.03 | T77: =IF(P77="Ontime",1,0) -> 0
A78: PO-00077 | B78: Alpha_Inc | C78: 44941 | D78: =IF(E78="",C78+VLOOKUP(B78,Lembar2!$B$19:$C$24,2,FALSE),'Procurement Dataset'!E78) -> 44961 | E78: 44961 | F78: Office Supplies | G78: Delivered | H78: 1440 | I78: 96.57 | J78: 83.87 | K78: =IF(L78="", 0, L78) -> 36 | L78: 36 | M78: Yes | N78: =IF(E78 = "", "", E78-C78) -> 20 | O78: =IF(D78<C78,"Invalid","Valid") -> Valid | P78: =IF(N78>=(VLOOKUP(B78,Lembar2!$B$19:$C$24,2,FALSE)+7),"Delayed","Ontime") -> Delayed | Q78: =H78*I78 -> 139060.8 | R78: =H78*J78 -> 120772.8 | S78: =Q78-R78 -> 18288 | T78: =IF(P78="Ontime",1,0) -> 0
A79: PO-00078 | B79: Delta_Logistics | C79: 44925 | D79: =IF(E79="",C79+VLOOKUP(B79,Lembar2!$B$19:$C$24,2,FALSE),'Procurement Dataset'!E79) -> 44929 | E79: 44929 | F79: Raw Materials | G79: Delivered | H79: 1005 | I79: 14.87 | J79: 12.79 | K79: =IF(L79="", 0, L79) -> 0 | M79: No | N79: =IF(E79 = "", "", E79-C79) -> 4 | O79: =IF(D79<C79,"Invalid","Valid") -> Valid | P79: =IF(N79>=(VLOOKUP(B79,Lembar2!$B$19:$C$24,2,FALSE)+7),"Delayed","Ontime") -> Ontime | Q79: =H79*I79 -> 14944.35 | R79: =H79*J79 -> 12853.95 | S79: =Q79-R79 -> 2090.4 | T79: =IF(P79="Ontime",1,0) -> 1
A80: PO-00079 | B80: Alpha_Inc | C80: 44776 | D80: =IF(E80="",C80+VLOOKUP(B80,Lembar2!$B$19:$C$24,2,FALSE),'Procurement Dataset'!E80) -> 44787 | F80: MRO | G80: Delivered | H80: 1528 | I80: 36.52 | J80: 33 | K80: =IF(L80="", 0, L80) -> 31 | L80: 31 | M80: No | N80: =IF(E80 = "", "", E80-C80) | O80: =IF(D80<C80,"Invalid","Valid") -> Valid | P80: =IF(N80>=(VLOOKUP(B80,Lembar2!$B$19:$C$24,2,FALSE)+7),"Delayed","Ontime") -> Delayed | Q80: =H80*I80 -> 55802.56 | R80: =H80*J80 -> 50424 | S80: =Q80-R80 -> 5378.56 | T80: =IF(P80="Ontime",1,0) -> 0
A81: PO-00080 | B81: Gamma_Co | C81: 45248 | D81: =IF(E81="",C81+VLOOKUP(B81,Lembar2!$B$19:$C$24,2,FALSE),'Procurement Dataset'!E81) -> 45255 | E81: 45255 | F81: MRO | G81: Delivered | H81: 1501 | I81: 106.05 | J81: 100.99 | K81: =IF(L81="", 0, L81) -> 77 | L81: 77 | M81: No | N81: =IF(E81 = "", "", E81-C81) -> 7 | O81: =IF(D81<C81,"Invalid","Valid") -> Valid | P81: =IF(N81>=(VLOOKUP(B81,Lembar2!$B$19:$C$24,2,FALSE)+7),"Delayed","Ontime") -> Ontime | Q81: =H81*I81 -> 159181.05 | R81: =H81*J81 -> 151585.99 | S81: =Q81-R81 -> 7595.06 | T81: =IF(P81="Ontime",1,0) -> 1
A82: PO-00081 | B82: Delta_Logistics | C82: 44835 | D82: =IF(E82="",C82+VLOOKUP(B82,Lembar2!$B$19:$C$24,2,FALSE),'Procurement Dataset'!E82) -> 44838 | E82: 44838 | F82: Packaging | G82: Delivered | H82: 558 | I82: 94.18 | J82: 81.4 | K82: =IF(L82="", 0, L82) -> 0 | M82: No | N82: =IF(E82 = "", "", E82-C82) -> 3 | O82: =IF(D82<C82,"Invalid","Valid") -> Valid | P82: =IF(N82>=(VLOOKUP(B82,Lembar2!$B$19:$C$24,2,FALSE)+7),"Delayed","Ontime") -> Ontime | Q82: =H82*I82 -> 52552.44 | R82: =H82*J82 -> 45421.2 | S82: =Q82-R82 -> 7131.24 | T82: =IF(P82="Ontime",1,0) -> 1
A83: PO-00082 | B83: Beta_Supplies | C83: 45280 | D83: =IF(E83="",C83+VLOOKUP(B83,Lembar2!$B$19:$C$24,2,FALSE),'Procurement Dataset'!E83) -> 45286 | E83: 45286 | F83: MRO | G83: Delivered | H83: 825 | I83: 56.88 | J83: 50.84 | K83: =IF(L83="", 0, L83) -> 0 | M83: Yes | N83: =IF(E83 = "", "", E83-C83) -> 6 | O83: =IF(D83<C83,"Invalid","Valid") -> Valid | P83: =IF(N83>=(VLOOKUP(B83,Lembar2!$B$19:$C$24,2,FALSE)+7),"Delayed","Ontime") -> Ontime | Q83: =H83*I83 -> 46926 | R83: =H83*J83 -> 41943 | S83: =Q83-R83 -> 4983 | T83: =IF(P83="Ontime",1,0) -> 1
A84: PO-00083 | B84: Beta_Supplies | C84: 45261 | D84: =IF(E84="",C84+VLOOKUP(B84,Lembar2!$B$19:$C$24,2,FALSE),'Procurement Dataset'!E84) -> 45267 | E84: 45267 | F84: Electronics | G84: Cancelled | H84: 84 | I84: 73.38 | J84: 71.42 | K84: =IF(L84="", 0, L84) -> 9 | L84: 9 | M84: Yes | N84: =IF(E84 = "", "", E84-C84) -> 6 | O84: =IF(D84<C84,"Invalid","Valid") -> Valid | P84: =IF(N84>=(VLOOKUP(B84,Lembar2!$B$19:$C$24,2,FALSE)+7),"Delayed","Ontime") -> Ontime | Q84: =H84*I84 -> 6163.92 | R84: =H84*J84 -> 5999.28 | S84: =Q84-R84 -> 164.64 | T84: =IF(P84="Ontime",1,0) -> 1
A85: PO-00084 | B85: Delta_Logistics | C85: 45225 | D85: =IF(E85="",C85+VLOOKUP(B85,Lembar2!$B$19:$C$24,2,FALSE),'Procurement Dataset'!E85) -> 45240 | E85: 45240 | F85: Raw Materials | G85: Delivered | H85: 255 | I85: 38.64 | J85: 33.59 | K85: =IF(L85="", 0, L85) -> 27 | L85: 27 | M85: No | N85: =IF(E85 = "", "", E85-C85) -> 15 | O85: =IF(D85<C85,"Invalid","Valid") -> Valid | P85: =IF(N85>=(VLOOKUP(B85,Lembar2!$B$19:$C$24,2,FALSE)+7),"Delayed","Ontime") -> Ontime | Q85: =H85*I85 -> 9853.2 | R85: =H85*J85 -> 8565.45 | S85: =Q85-R85 -> 1287.75 | T85: =IF(P85="Ontime",1,0) -> 1
A86: PO-00085 | B86: Gamma_Co | C86: 44635 | D86: =IF(E86="",C86+VLOOKUP(B86,Lembar2!$B$19:$C$24,2,FALSE),'Procurement Dataset'!E86) -> 44651 | E86: 44651 | F86: MRO | G86: Delivered | H86: 1154 | I86: 27.2 | J86: 26.07 | K86: =IF(L86="", 0, L86) -> 58 | L86: 58 | M86: Yes | N86: =IF(E86 = "", "", E86-C86) -> 16 | O86: =IF(D86<C86,"Invalid","Valid") -> Valid | P86: =IF(N86>=(VLOOKUP(B86,Lembar2!$B$19:$C$24,2,FALSE)+7),"Delayed","Ontime") -> Ontime | Q86: =H86*I86 -> 31388.8 | R86: =H86*J86 -> 30084.78 | S86: =Q86-R86 -> 1304.02 | T86: =IF(P86="Ontime",1,0) -> 1
A87: PO-00086 | B87: Delta_Logistics | C87: 45185 | D87: =IF(E87="",C87+VLOOKUP(B87,Lembar2!$B$19:$C$24,2,FALSE),'Procurement Dataset'!E87) -> 45193 | E87: 45193 | F87: Office Supplies | G87: Delivered | H87: 1635 | I87: 56.91 | J87: 54.37 | K87: =IF(L87="", 0, L87) -> 262 | L87: 262 | M87: No | N87: =IF(E87 = "", "", E87-C87) -> 8 | O87: =IF(D87<C87,"Invalid","Valid") -> Valid | P87: =IF(N87>=(VLOOKUP(B87,Lembar2!$B$19:$C$24,2,FALSE)+7),"Delayed","Ontime") -> Ontime | Q87: =H87*I87 -> 93047.85 | R87: =H87*J87 -> 88894.95 | S87: =Q87-R87 -> 4152.9 | T87: =IF(P87="Ontime",1,0) -> 1
A88: PO-00087 | B88: Delta_Logistics | C88: 45212 | D88: =IF(E88="",C88+VLOOKUP(B88,Lembar2!$B$19:$C$24,2,FALSE),'Procurement Dataset'!E88) -> 45222 | E88: 45222 | F88: Raw Materials | G88: Delivered | H88: 1945 | I88: 46.19 | J88: 40.12 | K88: =IF(L88="", 0, L88) -> 278 | L88: 278 | M88: No | N88: =IF(E88 = "", "", E88-C88) -> 10 | O88: =IF(D88<C88,"Invalid","Valid") -> Valid | P88: =IF(N88>=(VLOOKUP(B88,Lembar2!$B$19:$C$24,2,FALSE)+7),"Delayed","Ontime") -> Ontime | Q88: =H88*I88 -> 89839.55 | R88: =H88*J88 -> 78033.4 | S88: =Q88-R88 -> 11806.15 | T88: =IF(P88="Ontime",1,0) -> 1
A89: PO-00088 | B89: Delta_Logistics | C89: 44737 | D89: =IF(E89="",C89+VLOOKUP(B89,Lembar2!$B$19:$C$24,2,FALSE),'Procurement Dataset'!E89) -> 44752 | E89: 44752 | F89: MRO | G89: Partially Delivered | H89: 1461 | I89: 64.09 | J89: 63.39 | K89: =IF(L89="", 0, L89) -> 228 | L89: 228 | M89: No | N89: =IF(E89 = "", "", E89-C89) -> 15 | O89: =IF(D89<C89,"Invalid","Valid") -> Valid | P89: =IF(N89>=(VLOOKUP(B89,Lembar2!$B$19:$C$24,2,FALSE)+7),"Delayed","Ontime") -> Ontime | Q89: =H89*I89 -> 93635.49 | R89: =H89*J89 -> 92612.79 | S89: =Q89-R89 -> 1022.7 | T89: =IF(P89="Ontime",1,0) -> 1
A90: PO-00089 | B90: Delta_Logistics | C90: 45108 | D90: =IF(E90="",C90+VLOOKUP(B90,Lembar2!$B$19:$C$24,2,FALSE),'Procurement Dataset'!E90) -> 45116 | E90: 45116 | F90: Electronics | G90: Delivered | H90: 1075 | I90: 18.53 | J90: 16.12 | K90: =IF(L90="", 0, L90) -> 147 | L90: 147 | M90: Yes | N90: =IF(E90 = "", "", E90-C90) -> 8 | O90: =IF(D90<C90,"Invalid","Valid") -> Valid | P90: =IF(N90>=(VLOOKUP(B90,Lembar2!$B$19:$C$24,2,FALSE)+7),"Delayed","Ontime") -> Ontime | Q90: =H90*I90 -> 19919.75 | R90: =H90*J90 -> 17329 | S90: =Q90-R90 -> 2590.75 | T90: =IF(P90="Ontime",1,0) -> 1
A91: PO-00090 | B91: Alpha_Inc | C91: 44812 | D91: =IF(E91="",C91+VLOOKUP(B91,Lembar2!$B$19:$C$24,2,FALSE),'Procurement Dataset'!E91) -> 44823 | F91: Packaging | G91: Delivered | H91: 1071 | I91: 101.6 | J91: 93.91 | K91: =IF(L91="", 0, L91) -> 25 | L91: 25 | M91: Yes | N91: =IF(E91 = "", "", E91-C91) | O91: =IF(D91<C91,"Invalid","Valid") -> Valid | P91: =IF(N91>=(VLOOKUP(B91,Lembar2!$B$19:$C$24,2,FALSE)+7),"Delayed","Ontime") -> Delayed | Q91: =H91*I91 -> 108813.6 | R91: =H91*J91 -> 100577.61 | S91: =Q91-R91 -> 8235.99 | T91: =IF(P91="Ontime",1,0) -> 0
A92: PO-00091 | B92: Epsilon_Group | C92: 44729 | D92: =IF(E92="",C92+VLOOKUP(B92,Lembar2!$B$19:$C$24,2,FALSE),'Procurement Dataset'!E92) -> 44748 | E92: 44748 | F92: Packaging | G92: Pending | H92: 1463 | I92: 101.23 | J92: 86.17 | K92: =IF(L92="", 0, L92) -> 43 | L92: 43 | M92: Yes | N92: =IF(E92 = "", "", E92-C92) -> 19 | O92: =IF(D92<C92,"Invalid","Valid") -> Valid | P92: =IF(N92>=(VLOOKUP(B92,Lembar2!$B$19:$C$24,2,FALSE)+7),"Delayed","Ontime") -> Delayed | Q92: =H92*I92 -> 148099.49 | R92: =H92*J92 -> 126066.71 | S92: =Q92-R92 -> 22032.78 | T92: =IF(P92="Ontime",1,0) -> 0
A93: PO-00092 | B93: Beta_Supplies | C93: 45035 | D93: =IF(E93="",C93+VLOOKUP(B93,Lembar2!$B$19:$C$24,2,FALSE),'Procurement Dataset'!E93) -> 45042 | E93: 45042 | F93: Raw Materials | G93: Delivered | H93: 615 | I93: 78.3 | J93: 73.68 | K93: =IF(L93="", 0, L93) -> 69 | L93: 69 | M93: Yes | N93: =IF(E93 = "", "", E93-C93) -> 7 | O93: =IF(D93<C93,"Invalid","Valid") -> Valid | P93: =IF(N93>=(VLOOKUP(B93,Lembar2!$B$19:$C$24,2,FALSE)+7),"Delayed","Ontime") -> Ontime | Q93: =H93*I93 -> 48154.5 | R93: =H93*J93 -> 45313.2 | S93: =Q93-R93 -> 2841.3 | T93: =IF(P93="Ontime",1,0) -> 1
A94: PO-00093 | B94: Gamma_Co | C94: 44950 | D94: =IF(E94="",C94+VLOOKUP(B94,Lembar2!$B$19:$C$24,2,FALSE),'Procurement Dataset'!E94) -> 44968 | E94: 44968 | F94: Electronics | G94: Delivered | H94: 1179 | I94: 61.74 | J94: 56.28 | K94: =IF(L94="", 0, L94) -> 0 | M94: Yes | N94: =IF(E94 = "", "", E94-C94) -> 18 | O94: =IF(D94<C94,"Invalid","Valid") -> Valid | P94: =IF(N94>=(VLOOKUP(B94,Lembar2!$B$19:$C$24,2,FALSE)+7),"Delayed","Ontime") -> Delayed | Q94: =H94*I94 -> 72791.46 | R94: =H94*J94 -> 66354.12 | S94: =Q94-R94 -> 6437.34 | T94: =IF(P94="Ontime",1,0) -> 0
A95: PO-00094 | B95: Alpha_Inc | C95: 44838 | D95: =IF(E95="",C95+VLOOKUP(B95,Lembar2!$B$19:$C$24,2,FALSE),'Procurement Dataset'!E95) -> 44843 | E95: 44843 | F95: Electronics | G95: Partially Delivered | H95: 1845 | I95: 39.56 | J95: 37.63 | K95: =IF(L95="", 0, L95) -> 45 | L95: 45 | M95: Yes | N95: =IF(E95 = "", "", E95-C95) -> 5 | O95: =IF(D95<C95,"Invalid","Valid") -> Valid | P95: =IF(N95>=(VLOOKUP(B95,Lembar2!$B$19:$C$24,2,FALSE)+7),"Delayed","Ontime") -> Ontime | Q95: =H95*I95 -> 72988.2 | R95: =H95*J95 -> 69427.35 | S95: =Q95-R95 -> 3560.85 | T95: =IF(P95="Ontime",1,0) -> 1
A96: PO-00095 | B96: Beta_Supplies | C96: 45217 | D96: =IF(E96="",C96+VLOOKUP(B96,Lembar2!$B$19:$C$24,2,FALSE),'Procurement Dataset'!E96) -> 45229 | F96: Electronics | G96: Cancelled | H96: 1895 | I96: 91.98 | J96: 86.27 | K96: =IF(L96="", 0, L96) -> 170 | L96: 170 | M96: Yes | N96: =IF(E96 = "", "", E96-C96) | O96: =IF(D96<C96,"Invalid","Valid") -> Valid | P96: =IF(N96>=(VLOOKUP(B96,Lembar2!$B$19:$C$24,2,FALSE)+7),"Delayed","Ontime") -> Delayed | Q96: =H96*I96 -> 174302.1 | R96: =H96*J96 -> 163481.65 | S96: =Q96-R96 -> 10820.45 | T96: =IF(P96="Ontime",1,0) -> 0
A97: PO-00096 | B97: Epsilon_Group | C97: 45266 | D97: =IF(E97="",C97+VLOOKUP(B97,Lembar2!$B$19:$C$24,2,FALSE),'Procurement Dataset'!E97) -> 45269 | E97: 45269 | F97: MRO | G97: Partially Delivered | H97: 1550 | I97: 79.86 | J97: 69.57 | K97: =IF(L97="", 0, L97) -> 32 | L97: 32 | M97: No | N97: =IF(E97 = "", "", E97-C97) -> 3 | O97: =IF(D97<C97,"Invalid","Valid") -> Valid | P97: =IF(N97>=(VLOOKUP(B97,Lembar2!$B$19:$C$24,2,FALSE)+7),"Delayed","Ontime") -> Ontime | Q97: =H97*I97 -> 123783 | R97: =H97*J97 -> 107833.5 | S97: =Q97-R97 -> 15949.5 | T97: =IF(P97="Ontime",1,0) -> 1
A98: PO-00097 | B98: Delta_Logistics | C98: 45132 | D98: =IF(E98="",C98+VLOOKUP(B98,Lembar2!$B$19:$C$24,2,FALSE),'Procurement Dataset'!E98) -> 45142 | E98: 45142 | F98: Packaging | G98: Delivered | H98: 752 | I98: 26.85 | J98: 24.37 | K98: =IF(L98="", 0, L98) -> 0 | M98: No | N98: =IF(E98 = "", "", E98-C98) -> 10 | O98: =IF(D98<C98,"Invalid","Valid") -> Valid | P98: =IF(N98>=(VLOOKUP(B98,Lembar2!$B$19:$C$24,2,FALSE)+7),"Delayed","Ontime") -> Ontime | Q98: =H98*I98 -> 20191.2 | R98: =H98*J98 -> 18326.24 | S98: =Q98-R98 -> 1864.96 | T98: =IF(P98="Ontime",1,0) -> 1
A99: PO-00098 | B99: Epsilon_Group | C99: 44786 | D99: =IF(E99="",C99+VLOOKUP(B99,Lembar2!$B$19:$C$24,2,FALSE),'Procurement Dataset'!E99) -> 44805 | E99: 44805 | F99: Electronics | G99: Delivered | H99: 451 | I99: 95.2 | J99: 90.07 | K99: =IF(L99="", 0, L99) -> 21 | L99: 21 | M99: Yes | N99: =IF(E99 = "", "", E99-C99) -> 19 | O99: =IF(D99<C99,"Invalid","Valid") -> Valid | P99: =IF(N99>=(VLOOKUP(B99,Lembar2!$B$19:$C$24,2,FALSE)+7),"Delayed","Ontime") -> Delayed | Q99: =H99*I99 -> 42935.2 | R99: =H99*J99 -> 40621.57 | S99: =Q99-R99 -> 2313.63 | T99: =IF(P99="Ontime",1,0) -> 0
A100: PO-00099 | B100: Beta_Supplies | C100: 45263 | D100: =IF(E100="",C100+VLOOKUP(B100,Lembar2!$B$19:$C$24,2,FALSE),'Procurement Dataset'!E100) -> 45275 | F100: Office Supplies | G100: Delivered | H100: 779 | I100: 93.69 | J100: 90.92 | K100: =IF(L100="", 0, L100) -> 66 | L100: 66 | M100: Yes | N100: =IF(E100 = "", "", E100-C100) | O100: =IF(D100<C100,"Invalid","Valid") -> Valid | P100: =IF(N100>=(VLOOKUP(B100,Lembar2!$B$19:$C$24,2,FALSE)+7),"Delayed","Ontime") -> Delayed | Q100: =H100*I100 -> 72984.51 | R100: =H100*J100 -> 70826.68 | S100: =Q100-R100 -> 2157.83 | T100: =IF(P100="Ontime",1,0) -> 0
...

Sheet Lembar2
A1: DATA HANDLING
A3: CEK MISSING VALUE
A4: PO_ID | B4: =COUNTBLANK('Procurement Dataset'!A$1:A$778) -> 0
A5: Supplier | B5: =COUNTBLANK('Procurement Dataset'!B$1:B$778) -> 0
A6: Order_Date | B6: =COUNTBLANK('Procurement Dataset'!C$1:C$778) -> 0
A7: Delivery_Date | B7: =COUNTBLANK('Procurement Dataset'!E$1:E$778) -> 87
A8: Item_Category | B8: =COUNTBLANK('Procurement Dataset'!F$1:F$778) -> 0
A9: Order_Status | B9: =COUNTBLANK('Procurement Dataset'!G$1:G$778) -> 0
A10: Quantity | B10: =COUNTBLANK('Procurement Dataset'!H$1:H$778) -> 0
A11: Unit_Price | B11: =COUNTBLANK('Procurement Dataset'!I$1:I$778) -> 0
A12: Negotiated_Price | B12: =COUNTBLANK('Procurement Dataset'!J$1:J$778) -> 0
A13: Defective_Units | B13: =COUNTBLANK('Procurement Dataset'!L$1:L$778) -> 136
A14: Compliance | B14: =COUNTBLANK('Procurement Dataset'!M$1:M$778) -> 0
A15: HANDLING MISSING VALUE
A16: Delivery_Date | B16: Calculated lead_day | C16: delivered_date - order_date
B17: Median lead day
B18: Supplier | C18: med(lead_day)
B19: Alpha_Inc | C19: {=MEDIAN(IF('Procurement Dataset'!$B$2:$B$778=B19,'Procurement Dataset'!$N$2:$N$778))} -> 11
B20: Delta_Logistics | C20: {=MEDIAN(IF('Procurement Dataset'!$B$2:$B$778=B20,'Procurement Dataset'!$N$2:$N$778))} -> 11
B21: Gamma_Co | C21: {=MEDIAN(IF('Procurement Dataset'!$B$2:$B$778=B21,'Procurement Dataset'!$N$2:$N$778))} -> 10
B22: Beta_Supplies | C22: {=MEDIAN(IF('Procurement Dataset'!$B$2:$B$778=B22,'Procurement Dataset'!$N$2:$N$778))} -> 12
B23: Epsilon_Group | C23: {=MEDIAN(IF('Procurement Dataset'!$B$2:$B$778=B23,'Procurement Dataset'!$N$2:$N$778))} -> 11
B24: Alpha_Inc | C24: {=MEDIAN(IF('Procurement Dataset'!$B$2:$B$778=B24,'Procurement Dataset'!$N$2:$N$778))} -> 11
B25: Fill missing value with order_date + med(lead_day) sesuai supplier
A26: Defective_Units | B26: Fill missing value with 0 (tidak ada defective_unit)
A27: CEK DUPLIKAT | B27: Tidak ada duplikat
A28: DATA VALIDATION | B28: Cek apakah delivered date > order date => valid semua
A29: EDA | B29: Ontime_status | C29: if lead_day > mean_lead day + 7, delayed. Else ontime
B30: Total_amount | C30: quantity*unit_price
B31: Total_negotiated | C31: quantity*negotiated_price
B32: diff_price | C32: total_amount - total_negotiated
B33: is_ontime | C33: if ontime_status = ontime then 1, else 0
